<?xml version="1.0"?>
<!DOCTYPE pathway SYSTEM "http://www.genome.jp/kegg/xml/KGML_v0.7.1_.dtd">
<!-- Creation date: Mar 31, 2009 11:06:20 +0900 (JST) -->
<pathway name="path:ko04330" org="ko" number="04330"
         title="Notch signaling pathway"
         image="http://www.genome.jp/kegg/pathway/ko/ko04330.png"
         link="http://www.genome.jp/kegg-bin/show_pathway?ko04330">
    <entry id="1" name="ko:K06171" type="ortholog"
        link="http://www.kegg.jp/dbget-bin/www_bget?K06171">
        <graphics name="K06171" fgcolor="#000000" bgcolor="#BFBFFF"
             type="rectangle" x="263" y="290" width="46" height="17"/>
    </entry>
    <entry id="2" name="ko:K06172" type="ortholog"
        link="http://www.kegg.jp/dbget-bin/www_bget?K06172">
        <graphics name="K06172" fgcolor="#000000" bgcolor="#BFBFFF"
             type="rectangle" x="309" y="290" width="46" height="17"/>
    </entry>
    <entry id="3" name="ko:K04505 ko:K04522 ko:K06060" type="ortholog"
        link="http://www.kegg.jp/dbget-bin/www_bget?K04505+K04522+K06060">
        <graphics name="K04505..." fgcolor="#000000" bgcolor="#BFBFFF"
             type="rectangle" x="309" y="273" width="46" height="17"/>
    </entry>
    <entry id="4" name="path:ko04010" type="map"
        link="http://www.kegg.jp/dbget-bin/www_bget?ko04010">
        <graphics name="MAPK signaling pathway" fgcolor="#000000" bgcolor="#FFFFFF"
             type="roundrectangle" x="394" y="395" width="109" height="40"/>
    </entry>
    <entry id="5" name="ko:K06067" type="ortholog"
        link="http://www.kegg.jp/dbget-bin/www_bget?K06067">
        <graphics name="K06067" fgcolor="#000000" bgcolor="#BFBFFF"
             type="rectangle" x="663" y="325" width="46" height="17"/>
    </entry>
    <entry id="6" name="ko:K06066" type="ortholog"
        link="http://www.kegg.jp/dbget-bin/www_bget?K06066">
        <graphics name="K06066" fgcolor="#000000" bgcolor="#BFBFFF"
             type="rectangle" x="707" y="302" width="46" height="17"/>
    </entry>
    <entry id="7" name="ko:K04497" type="ortholog"
        link="http://www.kegg.jp/dbget-bin/www_bget?K04497">
        <graphics name="K04497" fgcolor="#000000" bgcolor="#BFBFFF"
             type="rectangle" x="646" y="302" width="46" height="17"/>
    </entry>
    <entry id="8" name="ko:K04496" type="ortholog"
        link="http://www.kegg.jp/dbget-bin/www_bget?K04496">
        <graphics name="K04496" fgcolor="#000000" bgcolor="#BFBFFF"
             type="rectangle" x="596" y="302" width="46" height="17"/>
    </entry>
    <entry id="9" name="ko:K06064" type="ortholog"
        link="http://www.kegg.jp/dbget-bin/www_bget?K06064">
        <graphics name="K06064" fgcolor="#000000" bgcolor="#BFBFFF"
             type="rectangle" x="623" y="279" width="46" height="17"/>
    </entry>
    <entry id="10" name="ko:K06065" type="ortholog"
        link="http://www.kegg.jp/dbget-bin/www_bget?K06065">
        <graphics name="K06065" fgcolor="#000000" bgcolor="#BFBFFF"
             type="rectangle" x="693" y="279" width="46" height="17"/>
    </entry>
    <entry id="11" name="ko:K06056" type="ortholog"
        link="http://www.kegg.jp/dbget-bin/www_bget?K06056">
        <graphics name="K06056" fgcolor="#000000" bgcolor="#BFBFFF"
             type="rectangle" x="810" y="234" width="46" height="17"/>
    </entry>
    <entry id="12" name="ko:K06054 ko:K06055" type="ortholog"
        link="http://www.kegg.jp/dbget-bin/www_bget?K06054+K06055">
        <graphics name="K06054..." fgcolor="#000000" bgcolor="#BFBFFF"
             type="rectangle" x="810" y="205" width="46" height="17"/>
    </entry>
    <entry id="13" name="ko:K06053" type="ortholog"
        link="http://www.kegg.jp/dbget-bin/www_bget?K06053">
        <graphics name="K06053" fgcolor="#000000" bgcolor="#BFBFFF"
             type="rectangle" x="663" y="220" width="46" height="17"/>
    </entry>
    <entry id="14" name="ko:K06063" type="ortholog"
        link="http://www.kegg.jp/dbget-bin/www_bget?K06063">
        <graphics name="K06063" fgcolor="#000000" bgcolor="#BFBFFF"
             type="rectangle" x="685" y="181" width="46" height="17"/>
    </entry>
    <entry id="15" name="ko:K04498 ko:K06062" type="ortholog"
        link="http://www.kegg.jp/dbget-bin/www_bget?K04498+K06062">
        <graphics name="K04498..." fgcolor="#000000" bgcolor="#BFBFFF"
             type="rectangle" x="608" y="189" width="46" height="17"/>
    </entry>
    <entry id="16" name="ko:K06061" type="ortholog"
        link="http://www.kegg.jp/dbget-bin/www_bget?K06061">
        <graphics name="K06061" fgcolor="#000000" bgcolor="#BFBFFF"
             type="rectangle" x="608" y="172" width="46" height="17"/>
    </entry>
    <entry id="17" name="ko:K06059" type="ortholog"
        link="http://www.kegg.jp/dbget-bin/www_bget?K06059">
        <graphics name="K06059" fgcolor="#000000" bgcolor="#BFBFFF"
             type="rectangle" x="146" y="319" width="46" height="17"/>
    </entry>
    <entry id="18" name="ko:K06170" type="ortholog"
        link="http://www.kegg.jp/dbget-bin/www_bget?K06170">
        <graphics name="K06170" fgcolor="#000000" bgcolor="#BFBFFF"
             type="rectangle" x="263" y="273" width="46" height="17"/>
    </entry>
    <entry id="19" name="ko:K06058" type="ortholog"
        link="http://www.kegg.jp/dbget-bin/www_bget?K06058">
        <graphics name="K06058" fgcolor="#000000" bgcolor="#BFBFFF"
             type="rectangle" x="333" y="194" width="46" height="17"/>
    </entry>
    <entry id="20" name="ko:K06057" type="ortholog"
        link="http://www.kegg.jp/dbget-bin/www_bget?K06057">
        <graphics name="K06057" fgcolor="#000000" bgcolor="#BFBFFF"
             type="rectangle" x="297" y="164" width="46" height="17"/>
    </entry>
    <entry id="21" name="ko:K06052" type="ortholog"
        link="http://www.kegg.jp/dbget-bin/www_bget?K06052">
        <graphics name="K06052" fgcolor="#000000" bgcolor="#BFBFFF"
             type="rectangle" x="83" y="266" width="46" height="17"/>
    </entry>
    <entry id="22" name="ko:K02599" type="ortholog"
        link="http://www.kegg.jp/dbget-bin/www_bget?K02599">
        <graphics name="K02599" fgcolor="#000000" bgcolor="#BFBFFF"
             type="rectangle" x="189" y="220" width="46" height="17"/>
    </entry>
    <entry id="23" name="ko:K02353" type="ortholog"
        link="http://www.kegg.jp/dbget-bin/www_bget?K02353">
        <graphics name="K02353" fgcolor="#000000" bgcolor="#BFBFFF"
             type="rectangle" x="244" y="145" width="46" height="17"/>
    </entry>
    <entry id="24" name="path:ko04330" type="map"
        link="http://www.kegg.jp/dbget-bin/www_bget?ko04330">
        <graphics name="TITLE:Notch signaling pathway" fgcolor="#000000" bgcolor="#FFFFFF"
             type="roundrectangle" x="160" y="58" width="239" height="25"/>
    </entry>
    <entry id="25" name="ko:K05948" type="ortholog"
        link="http://www.kegg.jp/dbget-bin/www_bget?K05948">
        <graphics name="K05948" fgcolor="#000000" bgcolor="#BFBFFF"
             type="rectangle" x="137" y="144" width="46" height="17"/>
    </entry>
    <entry id="26" name="ko:K06051" type="ortholog"
        link="http://www.kegg.jp/dbget-bin/www_bget?K06051">
        <graphics name="K06051" fgcolor="#000000" bgcolor="#BFBFFF"
             type="rectangle" x="83" y="220" width="46" height="17"/>
    </entry>
    <entry id="27" name="undefined" type="group">
        <graphics fgcolor="#000000" bgcolor="#FFFFFF"
             type="rectangle" x="286" y="281" width="92" height="34"/>
        <component id="1"/>
        <component id="18"/>
        <component id="2"/>
        <component id="3"/>
    </entry>
    <entry id="28" name="undefined" type="group">
        <graphics fgcolor="#000000" bgcolor="#FFFFFF"
             type="rectangle" x="608" y="180" width="46" height="34"/>
        <component id="15"/>
        <component id="16"/>
    </entry>
    <entry id="29" name="undefined" type="group">
        <graphics fgcolor="#000000" bgcolor="#FFFFFF"
             type="rectangle" x="629" y="302" width="113" height="63"/>
        <component id="5"/>
        <component id="8"/>
        <component id="9"/>
    </entry>
    <entry id="30" name="undefined" type="group">
        <graphics fgcolor="#000000" bgcolor="#FFFFFF"
             type="rectangle" x="643" y="302" width="86" height="63"/>
        <component id="5"/>
        <component id="7"/>
        <component id="9"/>
    </entry>
    <entry id="31" name="undefined" type="group">
        <graphics fgcolor="#000000" bgcolor="#FFFFFF"
             type="rectangle" x="685" y="302" width="90" height="63"/>
        <component id="10"/>
        <component id="5"/>
        <component id="6"/>
    </entry>
    <relation entry1="26" entry2="22" type="PPrel">
        <subtype name="activation" value="--&gt;"/>
    </relation>
    <relation entry1="22" entry2="19" type="PPrel">
        <subtype name="activation" value="--&gt;"/>
    </relation>
    <relation entry1="17" entry2="22" type="PPrel">
        <subtype name="activation" value="--&gt;"/>
    </relation>
    <relation entry1="27" entry2="22" type="PPrel">
        <subtype name="activation" value="--&gt;"/>
    </relation>
    <relation entry1="25" entry2="22" type="PPrel">
        <subtype name="activation" value="--&gt;"/>
    </relation>
    <relation entry1="22" entry2="13" type="PPrel">
        <subtype name="activation" value="--&gt;"/>
    </relation>
    <relation entry1="28" entry2="13" type="PPrel">
        <subtype name="activation" value="--&gt;"/>
    </relation>
    <relation entry1="13" entry2="12" type="GErel">
        <subtype name="expression" value="--&gt;"/>
    </relation>
    <relation entry1="13" entry2="11" type="GErel">
        <subtype name="expression" value="--&gt;"/>
    </relation>
    <relation entry1="21" entry2="22" type="PPrel">
        <subtype name="inhibition" value="--|"/>
    </relation>
    <relation entry1="23" entry2="22" type="PPrel">
        <subtype name="inhibition" value="--|"/>
    </relation>
    <relation entry1="20" entry2="22" type="PPrel">
        <subtype name="inhibition" value="--|"/>
    </relation>
    <relation entry1="29" entry2="13" type="PPrel">
        <subtype name="inhibition" value="--|"/>
    </relation>
    <relation entry1="30" entry2="13" type="PPrel">
        <subtype name="inhibition" value="--|"/>
    </relation>
    <relation entry1="31" entry2="13" type="PPrel">
        <subtype name="inhibition" value="--|"/>
    </relation>
    <relation entry1="13" entry2="14" type="PPrel">
        <subtype name="binding/association" value="---"/>
    </relation>
</pathway>
