<?xml version="1.0"?>
<!DOCTYPE pathway SYSTEM "http://www.genome.jp/kegg/xml/KGML_v0.7.1_.dtd">
<!-- Creation date: May 11, 2009 16:08:26 +0900 (JST) -->
<pathway name="path:ko04140" org="ko" number="04140"
         title="Regulation of autophagy"
         image="http://www.genome.jp/kegg/pathway/ko/ko04140.png"
         link="http://www.genome.jp/kegg-bin/show_pathway?ko04140">
    <entry id="1" name="ko:K08337" type="ortholog"
        link="http://www.kegg.jp/dbget-bin/www_bget?K08337">
        <graphics name="K08337" fgcolor="#000000" bgcolor="#BFBFFF"
             type="rectangle" x="424" y="512" width="46" height="17"/>
    </entry>
    <entry id="2" name="cpd:C00350" type="compound"
        link="http://www.kegg.jp/dbget-bin/www_bget?C00350">
        <graphics name="C00350" fgcolor="#000000" bgcolor="#FFFFFF"
             type="circle" x="566" y="512" width="8" height="8"/>
    </entry>
    <entry id="3" name="cpd:C04549" type="compound"
        link="http://www.kegg.jp/dbget-bin/www_bget?C04549">
        <graphics name="C04549" fgcolor="#000000" bgcolor="#FFFFFF"
             type="circle" x="567" y="373" width="8" height="8"/>
    </entry>
    <entry id="4" name="cpd:C01194" type="compound"
        link="http://www.kegg.jp/dbget-bin/www_bget?C01194">
        <graphics name="C01194" fgcolor="#000000" bgcolor="#FFFFFF"
             type="circle" x="503" y="373" width="8" height="8"/>
    </entry>
    <entry id="5" name="ko:K08343" type="ortholog"
        link="http://www.kegg.jp/dbget-bin/www_bget?K08343">
        <graphics name="K08343" fgcolor="#000000" bgcolor="#BFBFFF"
             type="rectangle" x="503" y="512" width="46" height="17"/>
    </entry>
    <entry id="6" name="ko:K08342" type="ortholog"
        link="http://www.kegg.jp/dbget-bin/www_bget?K08342">
        <graphics name="K08342" fgcolor="#000000" bgcolor="#BFBFFF"
             type="rectangle" x="345" y="512" width="46" height="17"/>
    </entry>
    <entry id="7" name="ko:K08341" type="ortholog"
        link="http://www.kegg.jp/dbget-bin/www_bget?K08341">
        <graphics name="K08341" fgcolor="#000000" bgcolor="#BFBFFF"
             type="rectangle" x="266" y="512" width="46" height="17"/>
    </entry>
    <entry id="8" name="ko:K08340" type="ortholog"
        link="http://www.kegg.jp/dbget-bin/www_bget?K08340">
        <graphics name="K08340" fgcolor="#000000" bgcolor="#BFBFFF"
             type="rectangle" x="661" y="452" width="46" height="17"/>
    </entry>
    <entry id="9" name="ko:K08339" type="ortholog"
        link="http://www.kegg.jp/dbget-bin/www_bget?K08339">
        <graphics name="K08339" fgcolor="#000000" bgcolor="#BFBFFF"
             type="rectangle" x="582" y="452" width="46" height="17"/>
    </entry>
    <entry id="10" name="ko:K08338" type="ortholog"
        link="http://www.kegg.jp/dbget-bin/www_bget?K08338">
        <graphics name="K08338" fgcolor="#000000" bgcolor="#BFBFFF"
             type="rectangle" x="503" y="452" width="46" height="17"/>
    </entry>
    <entry id="11" name="ko:K08337" type="ortholog"
        link="http://www.kegg.jp/dbget-bin/www_bget?K08337">
        <graphics name="K08337" fgcolor="#000000" bgcolor="#BFBFFF"
             type="rectangle" x="424" y="452" width="46" height="17"/>
    </entry>
    <entry id="12" name="ko:K08336" type="ortholog"
        link="http://www.kegg.jp/dbget-bin/www_bget?K08336">
        <graphics name="K08336" fgcolor="#000000" bgcolor="#BFBFFF"
             type="rectangle" x="345" y="452" width="46" height="17"/>
    </entry>
    <entry id="13" name="ko:K08335" type="ortholog"
        link="http://www.kegg.jp/dbget-bin/www_bget?K08335">
        <graphics name="K08335" fgcolor="#000000" bgcolor="#BFBFFF"
             type="rectangle" x="503" y="311" width="46" height="17"/>
    </entry>
    <entry id="14" name="ko:K08333" type="ortholog"
        link="http://www.kegg.jp/dbget-bin/www_bget?K08333">
        <graphics name="K08333" fgcolor="#000000" bgcolor="#BFBFFF"
             type="rectangle" x="448" y="338" width="46" height="17"/>
    </entry>
    <entry id="15" name="ko:K08332" type="ortholog"
        link="http://www.kegg.jp/dbget-bin/www_bget?K08332">
        <graphics name="K08332" fgcolor="#000000" bgcolor="#BFBFFF"
             type="rectangle" x="538" y="220" width="46" height="17"/>
    </entry>
    <entry id="16" name="ko:K08331" type="ortholog"
        link="http://www.kegg.jp/dbget-bin/www_bget?K08331">
        <graphics name="K08331" fgcolor="#000000" bgcolor="#BFBFFF"
             type="rectangle" x="538" y="193" width="46" height="17"/>
    </entry>
    <entry id="17" name="ko:K08269" type="ortholog"
        link="http://www.kegg.jp/dbget-bin/www_bget?K08269">
        <graphics name="K08269" fgcolor="#000000" bgcolor="#BFBFFF"
             type="rectangle" x="468" y="193" width="46" height="17"/>
    </entry>
    <entry id="18" name="ko:K08329" type="ortholog"
        link="http://www.kegg.jp/dbget-bin/www_bget?K08329">
        <graphics name="K08329" fgcolor="#000000" bgcolor="#BFBFFF"
             type="rectangle" x="468" y="166" width="46" height="17"/>
    </entry>
    <entry id="19" name="ko:K08330" type="ortholog"
        link="http://www.kegg.jp/dbget-bin/www_bget?K08330">
        <graphics name="K08330" fgcolor="#000000" bgcolor="#BFBFFF"
             type="rectangle" x="468" y="220" width="46" height="17"/>
    </entry>
    <entry id="20" name="path:ko04130" type="map"
        link="http://www.kegg.jp/dbget-bin/www_bget?ko04130">
        <graphics name="SNARE interactions in vesicular transport" fgcolor="#000000" bgcolor="#FFFFFF"
             type="roundrectangle" x="504" y="598" width="109" height="40"/>
    </entry>
    <entry id="21" name="cpd:C00913" type="compound"
        link="http://www.kegg.jp/dbget-bin/www_bget?C00913">
        <graphics name="C00913" fgcolor="#000000" bgcolor="#FFFFFF"
             type="circle" x="581" y="345" width="8" height="8"/>
    </entry>
    <entry id="23" name="cpd:C15181" type="compound"
        link="http://www.kegg.jp/dbget-bin/www_bget?C15181">
        <graphics name="C15181" fgcolor="#000000" bgcolor="#FFFFFF"
             type="circle" x="581" y="330" width="8" height="8"/>
    </entry>
    <entry id="24" name="ko:K04687" type="ortholog"
        link="http://www.kegg.jp/dbget-bin/www_bget?K04687">
        <graphics name="K04687" fgcolor="#000000" bgcolor="#BFBFFF"
             type="rectangle" x="765" y="247" width="46" height="17"/>
    </entry>
    <entry id="25" name="ko:K05414" type="ortholog"
        link="http://www.kegg.jp/dbget-bin/www_bget?K05414">
        <graphics name="K05414" fgcolor="#000000" bgcolor="#BFBFFF"
             type="rectangle" x="765" y="225" width="46" height="17"/>
    </entry>
    <entry id="26" name="ko:K08334" type="ortholog"
        link="http://www.kegg.jp/dbget-bin/www_bget?K08334">
        <graphics name="K08334" fgcolor="#000000" bgcolor="#BFBFFF"
             type="rectangle" x="503" y="284" width="46" height="17"/>
    </entry>
    <entry id="27" name="ko:K00914" type="ortholog"
        link="http://www.kegg.jp/dbget-bin/www_bget?K00914">
        <graphics name="K00914" fgcolor="#000000" bgcolor="#BFBFFF"
             type="rectangle" x="503" y="338" width="46" height="17"/>
    </entry>
    <entry id="28" name="ko:K04526" type="ortholog"
        link="http://www.kegg.jp/dbget-bin/www_bget?K04526">
        <graphics name="K04526" fgcolor="#000000" bgcolor="#BFBFFF"
             type="rectangle" x="55" y="193" width="46" height="17"/>
    </entry>
    <entry id="29" name="ko:K07198" type="ortholog"
        link="http://www.kegg.jp/dbget-bin/www_bget?K07198">
        <graphics name="K07198" fgcolor="#000000" bgcolor="#BFBFFF"
             type="rectangle" x="238" y="249" width="46" height="17"/>
    </entry>
    <entry id="30" name="path:ko04140" type="map"
        link="http://www.kegg.jp/dbget-bin/www_bget?ko04140">
        <graphics name="TITLE:Regulation of autophagy" fgcolor="#000000" bgcolor="#FFFFFF"
             type="roundrectangle" x="158" y="58" width="235" height="25"/>
    </entry>
    <entry id="31" name="path:ko04210" type="map"
        link="http://www.kegg.jp/dbget-bin/www_bget?ko04210">
        <graphics name="Apoptosis" fgcolor="#000000" bgcolor="#FFFFFF"
             type="roundrectangle" x="849" y="567" width="93" height="40"/>
    </entry>
    <entry id="32" name="path:ko04612" type="map"
        link="http://www.kegg.jp/dbget-bin/www_bget?ko04612">
        <graphics name="Antigen processing and presentation" fgcolor="#000000" bgcolor="#FFFFFF"
             type="roundrectangle" x="709" y="598" width="109" height="40"/>
    </entry>
    <entry id="33" name="path:ko04010" type="map"
        link="http://www.kegg.jp/dbget-bin/www_bget?ko04010">
        <graphics name="MAPK signaling pathway" fgcolor="#000000" bgcolor="#FFFFFF"
             type="roundrectangle" x="331" y="118" width="109" height="40"/>
    </entry>
    <entry id="34" name="path:ko04150" type="map"
        link="http://www.kegg.jp/dbget-bin/www_bget?ko04150">
        <graphics name="mTOR signaling pathway" fgcolor="#000000" bgcolor="#FFFFFF"
             type="roundrectangle" x="331" y="192" width="109" height="40"/>
    </entry>
    <entry id="35" name="path:ko04910" type="map"
        link="http://www.kegg.jp/dbget-bin/www_bget?ko04910">
        <graphics name="Insulin signaling pathway" fgcolor="#000000" bgcolor="#FFFFFF"
             type="roundrectangle" x="163" y="192" width="109" height="40"/>
    </entry>
    <relation entry1="17" entry2="18" type="PPrel">
        <subtype name="binding/association" value="---"/>
    </relation>
    <relation entry1="17" entry2="19" type="PPrel">
        <subtype name="binding/association" value="---"/>
    </relation>
    <relation entry1="16" entry2="17" type="PPrel">
        <subtype name="binding/association" value="---"/>
    </relation>
    <relation entry1="15" entry2="16" type="PPrel">
        <subtype name="binding/association" value="---"/>
    </relation>
    <relation entry1="13" entry2="26" type="PPrel">
        <subtype name="binding/association" value="---"/>
    </relation>
    <relation entry1="13" entry2="27" type="PPrel">
        <subtype name="binding/association" value="---"/>
    </relation>
    <relation entry1="14" entry2="27" type="PPrel">
        <subtype name="binding/association" value="---"/>
    </relation>
    <relation entry1="27" entry2="4" type="PCrel">
        <subtype name="binding/association" value="---"/>
    </relation>
    <relation entry1="23" entry2="27" type="PCrel">
        <subtype name="inhibition" value="--|"/>
    </relation>
    <relation entry1="21" entry2="27" type="PCrel">
        <subtype name="inhibition" value="--|"/>
    </relation>
    <relation entry1="12" entry2="11" type="PPrel">
        <subtype name="activation" value="--&gt;"/>
    </relation>
    <relation entry1="11" entry2="10" type="PPrel">
        <subtype name="activation" value="--&gt;"/>
    </relation>
    <relation entry1="10" entry2="9" type="PPrel">
        <subtype name="activation" value="--&gt;"/>
    </relation>
    <relation entry1="9" entry2="8" type="PPrel">
        <subtype name="activation" value="--&gt;"/>
    </relation>
    <relation entry1="7" entry2="1" type="PPrel">
        <subtype name="activation" value="--&gt;"/>
    </relation>
    <relation entry1="1" entry2="1" type="PPrel">
        <subtype name="activation" value="--&gt;"/>
    </relation>
    <relation entry1="1" entry2="5" type="PPrel">
        <subtype name="activation" value="--&gt;"/>
    </relation>
    <relation entry1="5" entry2="2" type="PCrel">
        <subtype name="activation" value="--&gt;"/>
    </relation>
</pathway>
